BeginSample,,,,,
,_SampleName," ""15-0257-Pull with PreLoad.mss""",,,
,_MethodName," ""Pull Test with PreLoad.msm""",,,
,TestSpeed,12.5,"  ""mm/min""",,
,LoadLimitHigh,70000,"  ""N""",,
,LoadLimitLow,-70000,"  ""N""",,
,SampleInfo2," ""Ed""","  """"",,
,SlackPreLoad,20,"  ""N""",,
,SecondSpeed,50,"  ""mm/min""",,
,SampleInfo1," ""Pull with PreLoad""","  """"",,
,TimeLimit,10000,"  ""s""",,
,SampleID," ""15-0257""","  """"",,
,_SampleName," ""15-0257-Pull with PreLoad""","  """"",,
,BeginSpecimen,,,,
,,SpecimanName," ""A7""","  """"",
,,Comment," """"","  """"",
,,Break,442,"  """"",
,,Displacement_Peak_Load,34.595,"  ""mm""",
,,Displacement_Peak_Load2,1.362,"  ""in""",
,,LoadCellCapacity,200000,"  ""N""",
,,Peak,414,"  """"",
,,PeakLoad,12442,"  ""N""",
,,PeakLoad2,2797,"  ""lbf""",
,,BeginData,,,
,,,_Load, _Time, SlackExt
,,,N," ""s"""," ""mm"""
,,,21.63,0.2,0.099
,,,26.19,0.3,0.182
,,,31.61,0.4,0.262
,,,35.95,0.5,0.345
,,,39.64,0.6,0.429
,,,44.44,0.7,0.512
,,,48.79,0.8,0.595
,,,52.47,0.9,0.679
,,,56.46,1,0.762
,,,57.43,1.1,0.845
,,,59.99,1.2,0.929
,,,61.58,1.3,1.012
,,,61.27,1.4,1.095
,,,59.84,1.5,1.179
,,,60.91,1.6,1.262
,,,62.04,1.7,1.345
,,,63.52,1.8,1.429
,,,64.49,1.9,1.512
,,,65.41,2,1.596
,,,67.77,2.1,1.679
,,,70.02,2.2,1.762
,,,79.02,2.3,1.845
,,,73.39,2.4,1.929
,,,73.85,2.5,2.012
,,,75.33,2.6,2.095
,,,75.74,2.7,2.179
,,,75.13,2.8,2.262
,,,75.49,2.9,2.345
,,,75.23,3,2.429
,,,73.9,3.1,2.512
,,,73.34,3.2,2.595
,,,74.21,3.3,2.679
,,,73.95,3.4,2.762
,,,73.49,3.5,2.845
,,,73.19,3.6,2.929
,,,74.16,3.7,3.012
,,,75.44,3.8,3.096
,,,75.74,3.9,3.179
,,,76.46,4,3.262
,,,77.84,4.1,3.346
,,,80.19,4.2,3.429
,,,81.88,4.3,3.512
,,,81.73,4.4,3.595
,,,95.02,4.5,3.679
,,,127.4,4.6,3.762
,,,161.31,4.7,3.845
,,,194.35,4.8,3.929
,,,222.53,4.9,4.012
,,,250.81,5,4.095
,,,279.91,5.1,4.179
,,,317.81,5.2,4.262
,,,362.66,5.3,4.345
,,,388.54,5.4,4.429
,,,413.7,5.5,4.512
,,,443.01,5.6,4.595
,,,478.96,5.7,4.679
,,,510.72,5.8,4.762
,,,537.06,5.9,4.846
,,,570.61,6,4.929
,,,603.34,6.1,5.012
,,,636.58,6.2,5.095
,,,673.2,6.3,5.179
,,,710.13,6.4,5.262
,,,751.86,6.5,5.345
,,,792.67,6.6,5.429
,,,838.75,6.7,5.512
,,,886.01,6.8,5.595
,,,932.86,6.9,5.679
,,,978.74,7,5.762
,,,1025.33,7.1,5.845
,,,1073.81,7.2,5.929
,,,1123.37,7.3,6.012
,,,1171.8,7.4,6.095
,,,1221.31,7.5,6.179
,,,1269.9,7.6,6.262
,,,1318.84,7.7,6.346
,,,1370.49,7.8,6.429
,,,1426.39,7.9,6.512
,,,1482.91,8,6.595
,,,1539.22,8.1,6.679
,,,1596.86,8.2,6.762
,,,1657.21,8.3,6.845
,,,1719.19,8.4,6.929
,,,1780.56,8.5,7.012
,,,1839.79,8.6,7.095
,,,1900.96,8.7,7.179
,,,1960.44,8.8,7.262
,,,2019.97,8.9,7.345
,,,2079.55,9,7.429
,,,2137.24,9.1,7.512
,,,2197.18,9.2,7.595
,,,2257.63,9.3,7.679
,,,2318.65,9.4,7.762
,,,2378.33,9.5,7.845
,,,2437.96,9.6,7.929
,,,2496.98,9.7,8.012
,,,2555.85,9.8,8.095
,,,2616.2,9.9,8.179
,,,2677.88,10,8.262
,,,2738.89,10.1,8.345
,,,2800.98,10.2,8.429
,,,2860.77,10.3,8.512
,,,2921.27,10.4,8.595
,,,2980.6,10.5,8.679
,,,3038.13,10.6,8.762
,,,3094.75,10.7,8.845
,,,3152.18,10.8,8.929
,,,3209.31,10.9,9.012
,,,3265.11,11,9.095
,,,3321.11,11.1,9.178
,,,3374.3,11.2,9.262
,,,3429.08,11.3,9.345
,,,3483.75,11.4,9.429
,,,3542.72,11.5,9.512
,,,3596.26,11.6,9.595
,,,3647.82,11.7,9.679
,,,3700.96,11.8,9.762
,,,3752.51,11.9,9.845
,,,3804.78,12,9.929
,,,3856.07,12.1,10.012
,,,3907.06,12.2,10.095
,,,3958.77,12.3,10.179
,,,4008.99,12.4,10.262
,,,4059.42,12.5,10.345
,,,4110.05,12.6,10.429
,,,4158.33,12.7,10.512
,,,4209.07,12.8,10.595
,,,4257.14,12.9,10.678
,,,4306.96,13,10.762
,,,4355.8,13.1,10.845
,,,4403.82,13.2,10.929
,,,4451.95,13.3,11.012
,,,4498.8,13.4,11.095
,,,4546.1,13.5,11.179
,,,4592.69,13.6,11.262
,,,4638.52,13.7,11.345
,,,4686.13,13.8,11.428
,,,4732.93,13.9,11.512
,,,4780.75,14,11.595
,,,4827.7,14.1,11.679
,,,4873.52,14.2,11.762
,,,4919.25,14.3,11.845
,,,4964.46,14.4,11.929
,,,5011.2,14.5,12.012
,,,5056.26,14.6,12.095
,,,5101.52,14.7,12.178
,,,5144.89,14.8,12.262
,,,5189.13,14.9,12.345
,,,5234.29,15,12.428
,,,5278.53,15.1,12.512
,,,5322.87,15.2,12.595
,,,5367.47,15.3,12.678
,,,5411.3,15.4,12.762
,,,5455.74,15.5,12.845
,,,5499.73,15.6,12.929
,,,5543.25,15.7,13.012
,,,5585.95,15.8,13.095
,,,5629.17,15.9,13.178
,,,5672.85,16,13.262
,,,5716.12,16.1,13.345
,,,5758.82,16.2,13.429
,,,5801.17,16.3,13.512
,,,5843.77,16.4,13.595
,,,5886.88,16.5,13.678
,,,5929.84,16.6,13.762
,,,5972.04,16.7,13.845
,,,6015.71,16.8,13.928
,,,6057.19,16.9,14.012
,,,6100,17,14.095
,,,6142.24,17.1,14.178
,,,6184.54,17.2,14.262
,,,6226.73,17.3,14.345
,,,6267.85,17.4,14.428
,,,6308.1,17.5,14.512
,,,6349.48,17.6,14.595
,,,6391.11,17.7,14.678
,,,6431.31,17.8,14.762
,,,6472.07,17.9,14.845
,,,6512.27,18,14.928
,,,6553.49,18.1,15.012
,,,6594.05,18.2,15.095
,,,6633.84,18.3,15.179
,,,6673.93,18.4,15.262
,,,6713.72,18.5,15.345
,,,6753.72,18.6,15.428
,,,6793.66,18.7,15.512
,,,6832.78,18.8,15.595
,,,6877.59,18.9,15.678
,,,6917.73,19,15.762
,,,6956.96,19.1,15.845
,,,6997.01,19.2,15.928
,,,7035.67,19.3,16.012
,,,7074.85,19.4,16.095
,,,7113.2,19.5,16.178
,,,7152.02,19.6,16.262
,,,7191.05,19.7,16.345
,,,7228.84,19.8,16.428
,,,7266.89,19.9,16.512
,,,7304.38,20,16.595
,,,7342.94,20.1,16.678
,,,7381.35,20.2,16.762
,,,7418.58,20.3,16.845
,,,7456.28,20.4,16.928
,,,7493.1,20.5,17.012
,,,7529.77,20.6,17.095
,,,7568.02,20.7,17.178
,,,7604.29,20.8,17.262
,,,7641.72,20.9,17.345
,,,7679.11,21,17.428
,,,7715.47,21.1,17.512
,,,7752.76,21.2,17.595
,,,7789.48,21.3,17.678
,,,7825.58,21.4,17.762
,,,7861.13,21.5,17.845
,,,7897.08,21.6,17.928
,,,7934.01,21.7,18.012
,,,7969.5,21.8,18.095
,,,8005,21.9,18.179
,,,8040.34,22,18.262
,,,8076.34,22.1,18.345
,,,8112.45,22.2,18.428
,,,8147.58,22.3,18.512
,,,8184.05,22.4,18.595
,,,8217.91,22.5,18.678
,,,8252.68,22.6,18.762
,,,8287.05,22.7,18.845
,,,8321.63,22.8,18.928
,,,8356.4,22.9,19.012
,,,8390.87,23,19.095
,,,8425.45,23.1,19.178
,,,8459.87,23.2,19.262
,,,8494.95,23.3,19.345
,,,8528.35,23.4,19.428
,,,8562.77,23.5,19.512
,,,8596.06,23.6,19.595
,,,8629.71,23.7,19.678
,,,8664.54,23.8,19.762
,,,8697.28,23.9,19.845
,,,8731.18,24,19.928
,,,8764.07,24.1,20.012
,,,8797.41,24.2,20.095
,,,8830.2,24.3,20.178
,,,8863.24,24.4,20.262
,,,8895.81,24.5,20.345
,,,8929.37,24.6,20.428
,,,8960.92,24.7,20.512
,,,8994.93,24.8,20.595
,,,9027.1,24.9,20.678
,,,9059.32,25,20.762
,,,9091.59,25.1,20.845
,,,9123.61,25.2,20.928
,,,9155.88,25.3,21.012
,,,9187.38,25.4,21.095
,,,9218.53,25.5,21.179
,,,9250.7,25.6,21.262
,,,9281.39,25.7,21.345
,,,9312.94,25.8,21.428
,,,9343.83,25.9,21.512
,,,9376.1,26,21.595
,,,9408.32,26.1,21.678
,,,9439.78,26.2,21.762
,,,9470.52,26.3,21.845
,,,9501.61,26.4,21.928
,,,9532.45,26.5,22.012
,,,9562.52,26.6,22.095
,,,9592.9,26.7,22.178
,,,9622.36,26.8,22.262
,,,9654.02,26.9,22.345
,,,9683.43,27,22.428
,,,9714.67,27.1,22.512
,,,9743.88,27.2,22.595
,,,9773.59,27.3,22.678
,,,9804.69,27.4,22.762
,,,9834.4,27.5,22.845
,,,9863.55,27.6,22.928
,,,9893.01,27.7,23.012
,,,9922.32,27.8,23.095
,,,9951.57,27.9,23.178
,,,9980.98,28,23.262
,,,10009.11,28.1,23.345
,,,10038.41,28.2,23.428
,,,10066.65,28.3,23.512
,,,10095.85,28.4,23.595
,,,10123.98,28.5,23.678
,,,10152.77,28.6,23.762
,,,10179.67,28.7,23.845
,,,10212.25,28.8,23.928
,,,10243.55,28.9,24.012
,,,10271.88,29,24.095
,,,10299.45,29.1,24.178
,,,10328.19,29.2,24.262
,,,10355.35,29.3,24.345
,,,10383.43,29.4,24.428
,,,10411.12,29.5,24.512
,,,10437.9,29.6,24.595
,,,10465.46,29.7,24.678
,,,10491.34,29.8,24.762
,,,10519.52,29.9,24.845
,,,10545.5,30,24.928
,,,10572.71,30.1,25.011
,,,10599.92,30.2,25.095
,,,10625.85,30.3,25.178
,,,10652.44,30.4,25.262
,,,10678.89,30.5,25.345
,,,10704.97,30.6,25.428
,,,10729.26,30.7,25.512
,,,10754.17,30.8,25.595
,,,10780.66,30.9,25.678
,,,10807,31,25.761
,,,10832.16,31.1,25.845
,,,10858.5,31.2,25.928
,,,10882.64,31.3,26.012
,,,10909.03,31.4,26.095
,,,10934.55,31.5,26.178
,,,10959.23,31.6,26.262
,,,10983.7,31.7,26.345
,,,11008.1,31.8,26.428
,,,11033.31,31.9,26.512
,,,11057.6,32,26.595
,,,11080.77,32.1,26.678
,,,11104.86,32.2,26.762
,,,11129.05,32.3,26.845
,,,11153.91,32.4,26.928
,,,11177.52,32.5,27.012
,,,11201.52,32.6,27.095
,,,11224.33,32.7,27.178
,,,11247.65,32.8,27.262
,,,11269.64,32.9,27.345
,,,11292.45,33,27.428
,,,11315.32,33.1,27.511
,,,11336.85,33.2,27.595
,,,11359.25,33.3,27.678
,,,11380.27,33.4,27.762
,,,11402.87,33.5,27.845
,,,11423.74,33.6,27.928
,,,11444.56,33.7,28.011
,,,11465.52,33.8,28.095
,,,11485.62,33.9,28.178
,,,11507.62,34,28.262
,,,11529.35,34.1,28.345
,,,11549.2,34.2,28.428
,,,11569.86,34.3,28.512
,,,11589.39,34.4,28.595
,,,11610.52,34.5,28.678
,,,11630.46,34.6,28.762
,,,11648.36,34.7,28.845
,,,11667.8,34.8,28.928
,,,11686.93,34.9,29.011
,,,11705.23,35,29.095
,,,11724.41,35.1,29.178
,,,11742.67,35.2,29.262
,,,11761.7,35.3,29.345
,,,11780.21,35.4,29.428
,,,11798.67,35.5,29.511
,,,11815.09,35.6,29.595
,,,11832.38,35.7,29.678
,,,11848.9,35.8,29.761
,,,11864.14,35.9,29.845
,,,11881.32,36,29.928
,,,11897.13,36.1,30.012
,,,11911.45,36.2,30.095
,,,11926.18,36.3,30.178
,,,11940.8,36.4,30.262
,,,11955.22,36.5,30.345
,,,11969.95,36.6,30.428
,,,11986.52,36.7,30.511
,,,12002.28,36.8,30.595
,,,12017.77,36.9,30.678
,,,12035.32,37,30.762
,,,12051.07,37.1,30.845
,,,12067.84,37.2,30.928
,,,12084.31,37.3,31.011
,,,12101.24,37.4,31.095
,,,12116.07,37.5,31.178
,,,12131.36,37.6,31.261
,,,12146.35,37.7,31.345
,,,12159.85,37.8,31.428
,,,12173.56,37.9,31.512
,,,12187.06,38,31.595
,,,12201.53,38.1,31.678
,,,12216.06,38.2,31.762
,,,12227.16,38.3,31.845
,,,12237.33,38.4,31.928
,,,12250.99,38.5,32.011
,,,12264.23,38.6,32.095
,,,12278.55,38.7,32.178
,,,12290.11,38.8,32.261
,,,12303.41,38.9,32.345
,,,12314.61,39,32.428
,,,12326.37,39.1,32.511
,,,12337.73,39.2,32.595
,,,12348.31,39.3,32.678
,,,12358.54,39.4,32.761
,,,12370.46,39.5,32.845
,,,12379.92,39.6,32.928
,,,12390.41,39.7,33.012
,,,12401.09,39.8,33.095
,,,12410.91,39.9,33.178
,,,12419.3,40,33.262
,,,12428.3,40.1,33.345
,,,12435.31,40.2,33.428
,,,12441.04,40.3,33.511
,,,12440.88,40.4,33.595
,,,12438.63,40.5,33.678
,,,12431.17,40.6,33.762
,,,12420.63,40.7,33.845
,,,12408.61,40.8,33.928
,,,12405.14,40.9,34.012
,,,12408.46,41,34.095
,,,12412.86,41.1,34.178
,,,12418.89,41.2,34.262
,,,12425.49,41.3,34.345
,,,12431.68,41.4,34.428
,,,12439.5,41.5,34.512
,,,12442.27,41.6,34.595
,,,12441.86,41.7,34.678
,,,12441.86,41.8,34.762
,,,12441.29,41.9,34.845
,,,12438.84,42,34.928
,,,12434.13,42.1,35.011
,,,12427.48,42.2,35.095
,,,12420.02,42.3,35.178
,,,12406.93,42.4,35.261
,,,12389.13,42.5,35.345
,,,12370.56,42.6,35.428
,,,12352.25,42.7,35.511
,,,12330.57,42.8,35.595
,,,12311.34,42.9,35.678
,,,12293.34,43,35.761
,,,12275.49,43.1,35.845
,,,12258.76,43.2,35.928
,,,12245.41,43.3,36.011
,,,12237.03,43.4,36.095
,,,12228.54,43.5,36.178
,,,12215.9,43.6,36.262
,,,12191.92,43.7,36.345
,,,12162.15,43.8,36.428
,,,12120.47,43.9,36.512
,,,12077.1,44,36.595
,,,12031.53,44.1,36.678
,,,11982.94,44.2,36.761
,,,11928.48,44.3,36.845
,,,11859.74,44.4,36.928
,,,11776.68,44.5,37.012
,,,11686.77,44.6,37.095
,,,11581.57,44.7,37.178
,,,11455.5,44.8,37.262
,,,11302.33,44.9,37.345
,,,11083.58,45,37.428
,,,5467.86,45.1,37.512
,,,1217.68,45.13,37.537
,,EndData,,,
,EndSpecimen,,,,
,BeginSpecimen,,,,
,,SpecimanName," ""A8""","  """"",
,,Comment," """"","  """"",
,,Break,388,"  """"",
,,Displacement_Peak_Load,29.929,"  ""mm""",
,,Displacement_Peak_Load2,1.178,"  ""in""",
,,LoadCellCapacity,200000,"  ""N""",
,,Peak,358,"  """"",
,,PeakLoad,12419,"  ""N""",
,,PeakLoad2,2792,"  ""lbf""",
,,BeginData,,,
,,,_Load, _Time, SlackExt
,,,N," ""s"""," ""mm"""
,,,21.79,0.2,0.1
,,,33.24,0.3,0.183
,,,67.92,0.4,0.263
,,,108.94,0.5,0.346
,,,136.2,0.6,0.429
,,,142.95,0.7,0.513
,,,152.56,0.8,0.596
,,,160.18,0.9,0.68
,,,192.91,1,0.763
,,,236.33,1.1,0.846
,,,280.06,1.2,0.93
,,,323.28,1.3,1.013
,,,375.34,1.4,1.096
,,,429.76,1.5,1.18
,,,479.73,1.6,1.263
,,,526.47,1.7,1.346
,,,575.37,1.8,1.43
,,,620.88,1.9,1.513
,,,668.5,2,1.596
,,,714.78,2.1,1.68
,,,760.56,2.2,1.763
,,,803.88,2.3,1.846
,,,847.24,2.4,1.93
,,,892.35,2.5,2.013
,,,938.79,2.6,2.096
,,,987.69,2.7,2.18
,,,1036.02,2.8,2.263
,,,1084.96,2.9,2.346
,,,1133.7,3,2.43
,,,1181.26,3.1,2.513
,,,1230.05,3.2,2.596
,,,1278.79,3.3,2.68
,,,1327.59,3.4,2.763
,,,1375.87,3.5,2.846
,,,1422.76,3.6,2.93
,,,1469.87,3.7,3.013
,,,1519.07,3.8,3.096
,,,1566.73,3.9,3.18
,,,1614.5,4,3.263
,,,1664.72,4.1,3.346
,,,1715.2,4.2,3.43
,,,1766.45,4.3,3.513
,,,1816.98,4.4,3.596
,,,1869.04,4.5,3.68
,,,1924.02,4.6,3.763
,,,1981.25,4.7,3.846
,,,2037.56,4.8,3.93
,,,2093.87,4.9,4.013
,,,2149.57,5,4.096
,,,2205.47,5.1,4.18
,,,2261.06,5.2,4.263
,,,2315.68,5.3,4.346
,,,2369.38,5.4,4.43
,,,2424.97,5.5,4.513
,,,2483.05,5.6,4.596
,,,2541.79,5.7,4.68
,,,2602.03,5.8,4.763
,,,2659.36,5.9,4.846
,,,2717.57,6,4.929
,,,2773.88,6.1,5.013
,,,2830.54,6.2,5.096
,,,2887.67,6.3,5.18
,,,2943.37,6.4,5.263
,,,2999.67,6.5,5.346
,,,3057.67,6.6,5.43
,,,3116.08,6.7,5.513
,,,3174.69,6.8,5.596
,,,3233.4,6.9,5.68
,,,3291.24,7,5.763
,,,3347.86,7.1,5.846
,,,3403.91,7.2,5.93
,,,3461.35,7.3,6.013
,,,3521.59,7.4,6.096
,,,3575.24,7.5,6.179
,,,3628.64,7.6,6.263
,,,3681.11,7.7,6.346
,,,3733.74,7.8,6.429
,,,3783.55,7.9,6.513
,,,3835.26,8,6.596
,,,3887.02,8.1,6.68
,,,3937.39,8.2,6.763
,,,3989,8.3,6.846
,,,4039.93,8.4,6.929
,,,4088.67,8.5,7.013
,,,4138.39,8.6,7.096
,,,4187.43,8.7,7.18
,,,4236.63,8.8,7.263
,,,4284.61,8.9,7.346
,,,4332.83,9,7.43
,,,4381.68,9.1,7.513
,,,4429.04,9.2,7.596
,,,4476.29,9.3,7.679
,,,4524.47,9.4,7.763
,,,4570.04,9.5,7.846
,,,4616.53,9.6,7.929
,,,4662.4,9.7,8.013
,,,4709.46,9.8,8.096
,,,4755.13,9.9,8.18
,,,4801.57,10,8.263
,,,4846.37,10.1,8.346
,,,4890.56,10.2,8.429
,,,4935.66,10.3,8.513
,,,4980.67,10.4,8.596
,,,5024.14,10.5,8.679
,,,5067.77,10.6,8.763
,,,5111.65,10.7,8.846
,,,5154.76,10.8,8.93
,,,5199.56,10.9,9.013
,,,5242.93,11,9.096
,,,5286.87,11.1,9.179
,,,5329.88,11.2,9.263
,,,5372.17,11.3,9.346
,,,5417.23,11.4,9.429
,,,5459.32,11.5,9.513
,,,5501.47,11.6,9.596
,,,5545.6,11.7,9.679
,,,5588.67,11.8,9.763
,,,5632.29,11.9,9.846
,,,5674.89,12,9.929
,,,5716.68,12.1,10.013
,,,5760.05,12.2,10.096
,,,5803.47,12.3,10.179
,,,5846.28,12.4,10.263
,,,5888.21,12.5,10.346
,,,5930.2,12.6,10.43
,,,5973.21,12.7,10.513
,,,6014.64,12.8,10.596
,,,6056.88,12.9,10.68
,,,6097.9,13,10.763
,,,6139.99,13.1,10.846
,,,6181.22,13.2,10.929
,,,6222.33,13.3,11.013
,,,6264.17,13.4,11.096
,,,6306.06,13.5,11.179
,,,6347.33,13.6,11.263
,,,6388.81,13.7,11.346
,,,6428.19,13.8,11.429
,,,6469.2,13.9,11.513
,,,6509.86,14,11.596
,,,6550.11,14.1,11.679
,,,6589.49,14.2,11.763
,,,6629.44,14.3,11.846
,,,6669.23,14.4,11.929
,,,6710.91,14.5,12.013
,,,6749.73,14.6,12.096
,,,6789.26,14.7,12.18
,,,6832.32,14.8,12.263
,,,6874.62,14.9,12.346
,,,6914.1,15,12.429
,,,6952.97,15.1,12.513
,,,6991.99,15.2,12.596
,,,7031.22,15.3,12.679
,,,7070.14,15.4,12.763
,,,7110.24,15.5,12.846
,,,7148.75,15.6,12.929
,,,7187.31,15.7,13.013
,,,7226.08,15.8,13.096
,,,7264.69,15.9,13.179
,,,7303,16,13.263
,,,7342.07,16.1,13.346
,,,7380.38,16.2,13.429
,,,7419.86,16.3,13.513
,,,7458.48,16.4,13.596
,,,7496.63,16.5,13.679
,,,7533.55,16.6,13.763
,,,7571.81,16.7,13.846
,,,7609.14,16.8,13.929
,,,7645.81,16.9,14.013
,,,7683.71,17,14.096
,,,7721.46,17.1,14.179
,,,7758.02,17.2,14.263
,,,7797.05,17.3,14.346
,,,7834.43,17.4,14.429
,,,7871.26,17.5,14.513
,,,7910.02,17.6,14.596
,,,7946.64,17.7,14.679
,,,7983.21,17.8,14.763
,,,8018.96,17.9,14.846
,,,8056.04,18,14.929
,,,8092.86,18.1,15.013
,,,8128.66,18.2,15.096
,,,8165.18,18.3,15.179
,,,8201.18,18.4,15.263
,,,8236.57,18.5,15.346
,,,8272.94,18.6,15.429
,,,8307.97,18.7,15.513
,,,8342.8,18.8,15.596
,,,8379.32,18.9,15.679
,,,8414.04,19,15.763
,,,8449.69,19.1,15.846
,,,8484.31,19.2,15.929
,,,8518.53,19.3,16.013
,,,8553.85,19.4,16.097
,,,8588.24,19.5,16.179
,,,8622.25,19.6,16.263
,,,8656.31,19.7,16.346
,,,8690.93,19.8,16.429
,,,8724.59,19.9,16.513
,,,8758.19,20,16.596
,,,8792.04,20.1,16.679
,,,8826.16,20.2,16.763
,,,8859.2,20.3,16.846
,,,8892.95,20.4,16.929
,,,8927.47,20.5,17.013
,,,8961.64,20.6,17.096
,,,8994.57,20.7,17.179
,,,9025.77,20.8,17.263
,,,9058.76,20.9,17.346
,,,9090.37,21,17.429
,,,9124.02,21.1,17.513
,,,9156.95,21.2,17.596
,,,9188.82,21.3,17.679
,,,9221.65,21.4,17.763
,,,9252.49,21.5,17.846
,,,9285.48,21.6,17.929
,,,9318.36,21.7,18.013
,,,9349.71,21.8,18.096
,,,9381.88,21.9,18.179
,,,9412.98,22,18.263
,,,9443.72,22.1,18.346
,,,9475.43,22.2,18.429
,,,9505.8,22.3,18.513
,,,9537.16,22.4,18.596
,,,9568.66,22.5,18.679
,,,9599.7,22.6,18.763
,,,9631.31,22.7,18.846
,,,9662.3,22.8,18.929
,,,9692.94,22.9,19.013
,,,9723.11,23,19.096
,,,9754,23.1,19.179
,,,9784.84,23.2,19.263
,,,9815.79,23.3,19.346
,,,9845.91,23.4,19.429
,,,9876.44,23.5,19.513
,,,9906.87,23.6,19.596
,,,9937.41,23.7,19.679
,,,9967.53,23.8,19.763
,,,9997.04,23.9,19.846
,,,10026.8,24,19.929
,,,10057.08,24.1,20.013
,,,10087.92,24.2,20.096
,,,10118.97,24.3,20.179
,,,10148.07,24.4,20.263
,,,10180.9,24.5,20.346
,,,10215.06,24.6,20.429
,,,10245.09,24.7,20.513
,,,10275.06,24.8,20.596
,,,10302.37,24.9,20.679
,,,10332.9,25,20.763
,,,10362.1,25.1,20.846
,,,10390.54,25.2,20.929
,,,10421.48,25.3,21.013
,,,10449.46,25.4,21.096
,,,10478.86,25.5,21.179
,,,10509.19,25.6,21.263
,,,10536.71,25.7,21.346
,,,10566.88,25.8,21.429
,,,10594.65,25.9,21.513
,,,10623.6,26,21.596
,,,10651.83,26.1,21.679
,,,10679.81,26.2,21.763
,,,10709.21,26.3,21.846
,,,10736.58,26.4,21.929
,,,10764.65,26.5,22.012
,,,10792.37,26.6,22.096
,,,10820.55,26.7,22.179
,,,10848.22,26.8,22.262
,,,10876.81,26.9,22.346
,,,10902.69,27,22.429
,,,10929.69,27.1,22.513
,,,10956.29,27.2,22.596
,,,10983.6,27.3,22.679
,,,11010.24,27.4,22.762
,,,11037.35,27.5,22.846
,,,11063.59,27.6,22.929
,,,11090.8,27.7,23.012
,,,11117.19,27.8,23.096
,,,11143.42,27.9,23.179
,,,11167,28,23.263
,,,11192.98,28.1,23.346
,,,11218.5,28.2,23.429
,,,11246.53,28.3,23.512
,,,11271.69,28.4,23.596
,,,11297.31,28.5,23.679
,,,11321.45,28.6,23.763
,,,11346.31,28.7,23.846
,,,11371.32,28.8,23.929
,,,11395.97,28.9,24.013
,,,11420.21,29,24.096
,,,11445.83,29.1,24.179
,,,11469.72,29.2,24.262
,,,11493.86,29.3,24.346
,,,11518.1,29.4,24.429
,,,11541.37,29.5,24.512
,,,11566.28,29.6,24.596
,,,11591.03,29.7,24.679
,,,11613.48,29.8,24.762
,,,11636.6,29.9,24.846
,,,11660.33,30,24.929
,,,11681.45,30.1,25.012
,,,11704.16,30.2,25.096
,,,11726.1,30.3,25.179
,,,11748.55,30.4,25.262
,,,11770.9,30.5,25.346
,,,11792.23,30.6,25.429
,,,11814.89,30.7,25.513
,,,11836.37,30.8,25.596
,,,11858.05,30.9,25.679
,,,11878.51,31,25.762
,,,11898.76,31.1,25.846
,,,11919.22,31.2,25.929
,,,11939.22,31.3,26.012
,,,11960.13,31.4,26.096
,,,11979.47,31.5,26.179
,,,11998.7,31.6,26.262
,,,12017.57,31.7,26.346
,,,12036.75,31.8,26.429
,,,12055.21,31.9,26.512
,,,12072.5,32,26.596
,,,12089.17,32.1,26.679
,,,12107.58,32.2,26.762
,,,12125.38,32.3,26.846
,,,12142.21,32.4,26.929
,,,12159.49,32.5,27.013
,,,12176.27,32.6,27.096
,,,12190.84,32.7,27.179
,,,12207.26,32.8,27.262
,,,12222.4,32.9,27.346
,,,12237.23,33,27.429
,,,12251.65,33.1,27.512
,,,12264.85,33.2,27.596
,,,12276.87,33.3,27.679
,,,12287.15,33.4,27.762
,,,12290.57,33.5,27.846
,,,12268.27,33.6,27.929
,,,12264.08,33.7,28.013
,,,12273.39,33.8,28.096
,,,12288.07,33.9,28.179
,,,12301.31,34,28.262
,,,12311.54,34.1,28.346
,,,12319.37,34.2,28.429
,,,12328.11,34.3,28.513
,,,12337.47,34.4,28.596
,,,12347.55,34.5,28.679
,,,12357.83,34.6,28.762
,,,12365.14,34.7,28.846
,,,12371.23,34.8,28.929
,,,12377.67,34.9,29.012
,,,12382.68,35,29.096
,,,12389.08,35.1,29.179
,,,12393.53,35.2,29.262
,,,12396.85,35.3,29.346
,,,12402.02,35.4,29.429
,,,12407.74,35.5,29.512
,,,12411.78,35.6,29.596
,,,12414.95,35.7,29.679
,,,12416.9,35.8,29.762
,,,12418.18,35.9,29.846
,,,12418.79,36,29.929
,,,12415.72,36.1,30.012
,,,12411.99,36.2,30.096
,,,12408.51,36.3,30.179
,,,12400.79,36.4,30.262
,,,12392.25,36.5,30.346
,,,12380.07,36.6,30.429
,,,12364.42,36.7,30.512
,,,12348.26,36.8,30.596
,,,12331.9,36.9,30.679
,,,12319.73,37,30.762
,,,12305.35,37.1,30.846
,,,12287.76,37.2,30.929
,,,12269.81,37.3,31.012
,,,12253.29,37.4,31.096
,,,12237.69,37.5,31.179
,,,12216.62,37.6,31.262
,,,12193.4,37.7,31.346
,,,12171.1,37.8,31.429
,,,12147.88,37.9,31.512
,,,12113.77,38,31.596
,,,12069.99,38.1,31.679
,,,12035.37,38.2,31.762
,,,12002.84,38.3,31.846
,,,11960.03,38.4,31.929
,,,11913.13,38.5,32.013
,,,11864.09,38.6,32.096
,,,11805.99,38.7,32.179
,,,11745.74,38.8,32.262
,,,11690.51,38.9,32.346
,,,11629.49,39,32.429
,,,11562.29,39.1,32.513
,,,11483.02,39.2,32.596
,,,11386.51,39.3,32.679
,,,11257.52,39.4,32.762
,,,10814.26,39.5,32.846
,,,815.02,39.58,32.913
,,EndData,,,
,EndSpecimen,,,,
,BeginSpecimen,,,,
,,SpecimanName," ""A9""","  """"",
,,Comment," """"","  """"",
,,Break,396,"  """"",
,,Displacement_Peak_Load,31.261,"  ""mm""",
,,Displacement_Peak_Load2,1.231,"  ""in""",
,,LoadCellCapacity,200000,"  ""N""",
,,Peak,374,"  """"",
,,PeakLoad,12419,"  ""N""",
,,PeakLoad2,2792,"  ""lbf""",
,,BeginData,,,
,,,_Load, _Time, SlackExt
,,,N," ""s"""," ""mm"""
,,,18.92,0.2,0.099
,,,24.7,0.3,0.181
,,,26.59,0.4,0.262
,,,30.02,0.5,0.344
,,,38.97,0.6,0.428
,,,47.82,0.7,0.512
,,,55.44,0.8,0.595
,,,64.75,0.9,0.678
,,,76.72,1,0.762
,,,91.75,1.1,0.845
,,,109.35,1.2,0.928
,,,136.04,1.3,1.011
,,,162.48,1.4,1.095
,,,184.37,1.5,1.178
,,,210.87,1.6,1.262
,,,235.06,1.7,1.345
,,,260.01,1.8,1.428
,,,285.69,1.9,1.511
,,,311.06,2,1.595
,,,335.96,2.1,1.678
,,,361.53,2.2,1.761
,,,385.16,2.3,1.845
,,,409.25,2.4,1.928
,,,434.36,2.5,2.011
,,,445.56,2.6,2.095
,,,464.38,2.7,2.178
,,,479.83,2.8,2.261
,,,502.69,2.9,2.345
,,,515.37,3,2.428
,,,525.45,3.1,2.511
,,,549.08,3.2,2.595
,,,601.96,3.3,2.678
,,,659.09,3.4,2.761
,,,716.83,3.5,2.845
,,,778.81,3.6,2.928
,,,841.16,3.7,3.011
,,,904.01,3.8,3.095
,,,968.4,3.9,3.178
,,,1034.94,4,3.261
,,,1101.12,4.1,3.345
,,,1166.69,4.2,3.428
,,,1231.69,4.3,3.511
,,,1295.31,4.4,3.595
,,,1360.57,4.5,3.678
,,,1425.12,4.6,3.761
,,,1491.55,4.7,3.845
,,,1557.22,4.8,3.928
,,,1622.02,4.9,4.011
,,,1687.74,5,4.095
,,,1751.98,5.1,4.178
,,,1815.65,5.2,4.261
,,,1876.77,5.3,4.345
,,,1936.25,5.4,4.428
,,,1995.32,5.5,4.511
,,,2054.34,5.6,4.595
,,,2111.41,5.7,4.678
,,,2169.2,5.8,4.761
,,,2226.33,5.9,4.845
,,,2283.36,6,4.928
,,,2338.44,6.1,5.011
,,,2393.16,6.2,5.095
,,,2446.86,6.3,5.178
,,,2501.02,6.4,5.261
,,,2554.52,6.5,5.345
,,,2608.07,6.6,5.428
,,,2663.25,6.7,5.511
,,,2718.08,6.8,5.595
,,,2774.13,6.9,5.678
,,,2827.32,7,5.761
,,,2881.28,7.1,5.845
,,,2935.59,7.2,5.928
,,,2989.24,7.3,6.011
,,,3042.53,7.4,6.095
,,,3095.57,7.5,6.178
,,,3149.58,7.6,6.261
,,,3202.97,7.7,6.345
,,,3255.44,7.8,6.428
,,,3308.63,7.9,6.511
,,,3361.92,8,6.595
,,,3415.06,8.1,6.678
,,,3468.81,8.2,6.761
,,,3524.36,8.3,6.845
,,,3575.55,8.4,6.928
,,,3627.36,8.5,7.011
,,,3679.63,8.6,7.095
,,,3729.65,8.7,7.178
,,,3778.69,8.8,7.261
,,,3828.35,8.9,7.344
,,,3877.55,9,7.428
,,,3927.37,9.1,7.511
,,,3975.85,9.2,7.595
,,,4024.39,9.3,7.678
,,,4072.16,9.4,7.761
,,,4120.49,9.5,7.845
,,,4168.87,9.6,7.928
,,,4215.31,9.7,8.011
,,,4262.51,9.8,8.095
,,,4309.15,9.9,8.178
,,,4354.37,10,8.261
,,,4400.86,10.1,8.345
,,,4447.91,10.2,8.428
,,,4492.3,10.3,8.511
,,,4536.85,10.4,8.595
,,,4581.34,10.5,8.678
,,,4625.99,10.6,8.761
,,,4670.54,10.7,8.845
,,,4714.67,10.8,8.928
,,,4758.25,10.9,9.011
,,,4802.38,11,9.095
,,,4846.83,11.1,9.178
,,,4889.69,11.2,9.261
,,,4933.67,11.3,9.345
,,,4976.07,11.4,9.428
,,,5020.46,11.5,9.511
,,,5063.78,11.6,9.595
,,,5107.46,11.7,9.678
,,,5151.49,11.8,9.761
,,,5194.19,11.9,9.845
,,,5237.82,12,9.928
,,,5280.63,12.1,10.011
,,,5322.87,12.2,10.095
,,,5364.86,12.3,10.178
,,,5406.13,12.4,10.261
,,,5447.56,12.5,10.344
,,,5488.53,12.6,10.428
,,,5530.92,12.7,10.511
,,,5572.56,12.8,10.594
,,,5613.01,12.9,10.678
,,,5655.36,13,10.761
,,,5696.58,13.1,10.845
,,,5737.65,13.2,10.928
,,,5778.2,13.3,11.011
,,,5817.99,13.4,11.095
,,,5858.6,13.5,11.178
,,,5899.41,13.6,11.261
,,,5940.69,13.7,11.345
,,,5981.91,13.8,11.428
,,,6021.65,13.9,11.511
,,,6062.77,14,11.595
,,,6103.32,14.1,11.678
,,,6143.32,14.2,11.761
,,,6183.06,14.3,11.845
,,,6224.43,14.4,11.928
,,,6266.11,14.5,12.011
,,,6306.57,14.6,12.094
,,,6346.31,14.7,12.178
,,,6386.51,14.8,12.261
,,,6426.91,14.9,12.345
,,,6467.41,15,12.428
,,,6507.26,15.1,12.511
,,,6547.91,15.2,12.594
,,,6589.19,15.3,12.678
,,,6629.08,15.4,12.761
,,,6668.66,15.5,12.844
,,,6709.43,15.6,12.928
,,,6749.88,15.7,13.011
,,,6791.05,15.8,13.095
,,,6836.21,15.9,13.178
,,,6878.3,16,13.261
,,,6919.42,16.1,13.344
,,,6958.96,16.2,13.428
,,,6998.44,16.3,13.511
,,,7038.18,16.4,13.594
,,,7077.92,16.5,13.678
,,,7117.55,16.6,13.761
,,,7156.63,16.7,13.844
,,,7196.16,16.8,13.928
,,,7236.46,16.9,14.011
,,,7275.33,17,14.094
,,,7314.92,17.1,14.178
,,,7353.53,17.2,14.261
,,,7393.42,17.3,14.344
,,,7433.31,17.4,14.428
,,,7470.8,17.5,14.511
,,,7510.18,17.6,14.594
,,,7547.36,17.7,14.678
,,,7585.77,17.8,14.761
,,,7624.74,17.9,14.844
,,,7662.64,18,14.928
,,,7699.87,18.1,15.011
,,,7738.13,18.2,15.094
,,,7775.97,18.3,15.178
,,,7814.28,18.4,15.261
,,,7851.56,18.5,15.344
,,,7888.64,18.6,15.428
,,,7925.67,18.7,15.511
,,,7962.85,18.8,15.595
,,,8000.09,18.9,15.678
,,,8036.04,19,15.761
,,,8072.15,19.1,15.844
,,,8108.56,19.2,15.928
,,,8144.77,19.3,16.011
,,,8181.75,19.4,16.094
,,,8217.29,19.5,16.178
,,,8252.12,19.6,16.261
,,,8288.28,19.7,16.344
,,,8324.64,19.8,16.428
,,,8360.03,19.9,16.511
,,,8395.37,20,16.594
,,,8430.1,20.1,16.678
,,,8465.7,20.2,16.761
,,,8499.25,20.3,16.844
,,,8533.67,20.4,16.928
,,,8568.96,20.5,17.011
,,,8603.48,20.6,17.095
,,,8638.2,20.7,17.178
,,,8672.52,20.8,17.261
,,,8708.58,20.9,17.344
,,,8743,21,17.428
,,,8776.45,21.1,17.511
,,,8811.02,21.2,17.594
,,,8845.08,21.3,17.678
,,,8879.09,21.4,17.761
,,,8911.82,21.5,17.844
,,,8943.74,21.6,17.928
,,,8976.42,21.7,18.011
,,,9009.56,21.8,18.094
,,,9040.86,21.9,18.178
,,,9074.31,22,18.261
,,,9105.61,22.1,18.344
,,,9139.1,22.2,18.428
,,,9171.68,22.3,18.511
,,,9204.57,22.4,18.594
,,,9237.1,22.5,18.678
,,,9268.29,22.6,18.761
,,,9299.85,22.7,18.844
,,,9333.04,22.8,18.928
,,,9365.57,22.9,19.011
,,,9397.23,23,19.094
,,,9428.32,23.1,19.178
,,,9460.29,23.2,19.261
,,,9491.69,23.3,19.344
,,,9523.91,23.4,19.428
,,,9555.98,23.5,19.511
,,,9587.33,23.6,19.594
,,,9618.53,23.7,19.678
,,,9650.29,23.8,19.761
,,,9680.97,23.9,19.844
,,,9712.32,24,19.928
,,,9744.34,24.1,20.011
,,,9774.46,24.2,20.094
,,,9805.1,24.3,20.178
,,,9836.5,24.4,20.261
,,,9867.03,24.5,20.344
,,,9897.82,24.6,20.428
,,,9927.79,24.7,20.511
,,,9957.4,24.8,20.594
,,,9987.27,24.9,20.678
,,,10017.5,25,20.761
,,,10048.28,25.1,20.844
,,,10077.79,25.2,20.928
,,,10107.15,25.3,21.011
,,,10135.18,25.4,21.094
,,,10165.15,25.5,21.178
,,,10200.13,25.6,21.261
,,,10229.59,25.7,21.344
,,,10258.54,25.8,21.427
,,,10287.23,25.9,21.511
,,,10316.48,26,21.594
,,,10346.14,26.1,21.678
,,,10374.53,26.2,21.761
,,,10402.51,26.3,21.844
,,,10432.58,26.4,21.928
,,,10460.55,26.5,22.011
,,,10488.07,26.6,22.094
,,,10517.07,26.7,22.178
,,,10544.17,26.8,22.261
,,,10571.28,26.9,22.344
,,,10599,27,22.428
,,,10626.62,27.1,22.511
,,,10654.34,27.2,22.594
,,,10682.87,27.3,22.678
,,,10709.88,27.4,22.761
,,,10737.09,27.5,22.844
,,,10764.3,27.6,22.928
,,,10791.91,27.7,23.011
,,,10819.73,27.8,23.094
,,,10847.4,27.9,23.178
,,,10876.45,28,23.261
,,,10903.51,28.1,23.344
,,,10931.23,28.2,23.428
,,,10955.83,28.3,23.511
,,,10980.48,28.4,23.594
,,,11006.36,28.5,23.678
,,,11032.49,28.6,23.761
,,,11058.98,28.7,23.844
,,,11085.58,28.8,23.928
,,,11111.2,28.9,24.011
,,,11137.64,29,24.094
,,,11163.73,29.1,24.178
,,,11189.09,29.2,24.261
,,,11214.82,29.3,24.344
,,,11240.39,29.4,24.428
,,,11264.63,29.5,24.511
,,,11290.92,29.6,24.594
,,,11313.88,29.7,24.678
,,,11338.33,29.8,24.761
,,,11362.62,29.9,24.844
,,,11385.02,30,24.928
,,,11409.73,30.1,25.011
,,,11432.54,30.2,25.094
,,,11456.63,30.3,25.178
,,,11478.92,30.4,25.261
,,,11501.48,30.5,25.344
,,,11523.47,30.6,25.428
,,,11544.23,30.7,25.511
,,,11566.79,30.8,25.594
,,,11587.35,30.9,25.677
,,,11608.11,31,25.761
,,,11629.7,31.1,25.844
,,,11650.36,31.2,25.928
,,,11669.33,31.3,26.011
,,,11689.53,31.4,26.094
,,,11708.92,31.5,26.178
,,,11728.86,31.6,26.261
,,,11748.86,31.7,26.344
,,,11768.09,31.8,26.428
,,,11787.73,31.9,26.511
,,,11807.98,32,26.594
,,,11827.42,32.1,26.678
,,,11846.8,32.2,26.761
,,,11865.93,32.3,26.844
,,,11883.67,32.4,26.927
,,,11900.4,32.5,27.011
,,,11916.87,32.6,27.094
,,,11933.74,32.7,27.178
,,,11949.75,32.8,27.261
,,,11965.4,32.9,27.344
,,,11981.87,33,27.428
,,,11998.49,33.1,27.511
,,,12014.86,33.2,27.594
,,,12029.08,33.3,27.678
,,,12043.24,33.4,27.761
,,,12057.77,33.5,27.844
,,,12072.14,33.6,27.928
,,,12084.67,33.7,28.011
,,,12096.28,33.8,28.094
,,,12109.01,33.9,28.178
,,,12121.95,34,28.261
,,,12134.23,34.1,28.344
,,,12147.93,34.2,28.427
,,,12158.88,34.3,28.511
,,,12172.12,34.4,28.594
,,,12184.71,34.5,28.677
,,,12197.39,34.6,28.761
,,,12210.89,34.7,28.844
,,,12222.4,34.8,28.928
,,,12235.59,34.9,29.011
,,,12247.56,35,29.094
,,,12259.07,35.1,29.178
,,,12271.8,35.2,29.261
,,,12283.16,35.3,29.344
,,,12294.87,35.4,29.428
,,,12306.12,35.5,29.511
,,,12316.04,35.6,29.594
,,,12326.32,35.7,29.678
,,,12336.65,35.8,29.761
,,,12344.94,35.9,29.844
,,,12353.89,36,29.927
,,,12361.97,36.1,30.011
,,,12368.87,36.2,30.094
,,,12375.88,36.3,30.178
,,,12380.38,36.4,30.261
,,,12386.57,36.5,30.344
,,,12390.76,36.6,30.428
,,,12394.8,36.7,30.511
,,,12400.63,36.8,30.594
,,,12404.32,36.9,30.678
,,,12406.77,37,30.761
,,,12411.53,37.1,30.844
,,,12413.06,37.2,30.927
,,,12416.08,37.3,31.011
,,,12416.8,37.4,31.094
,,,12417.82,37.5,31.178
,,,12419.05,37.6,31.261
,,,12418.33,37.7,31.344
,,,12417.41,37.8,31.428
,,,12414.19,37.9,31.511
,,,12413.47,38,31.594
,,,12413.22,38.1,31.677
,,,12408.2,38.2,31.761
,,,12405.9,38.3,31.844
,,,12401.86,38.4,31.928
,,,12392.09,38.5,32.011
,,,12383.04,38.6,32.094
,,,12370.56,38.7,32.177
,,,12358.24,38.8,32.261
,,,12346.78,38.9,32.344
,,,12336.65,39,32.428
,,,12323.25,39.1,32.511
,,,12308.27,39.2,32.594
,,,12287.81,39.3,32.678
,,,12253.6,39.4,32.761
,,,12210.1,39.5,32.844
,,,12158.93,39.6,32.928
,,,12098.43,39.7,33.011
,,,12017.57,39.8,33.094
,,,11905.72,39.9,33.177
,,,11784.97,40,33.261
,,,11657.82,40.1,33.344
,,,11460,40.2,33.428
,,,6437.85,40.3,33.511
,,,810.17,40.34,33.545
,,EndData,,,
,EndSpecimen,,,,
,BeginSpecimen,,,,
,,SpecimanName," ""P7""","  """"",
,,Comment," """"","  """"",
,,Break,420,"  """"",
,,Displacement_Peak_Load,32.679,"  ""mm""",
,,Displacement_Peak_Load2,1.287,"  ""in""",
,,LoadCellCapacity,200000,"  ""N""",
,,Peak,391,"  """"",
,,PeakLoad,12991,"  ""N""",
,,PeakLoad2,2920,"  ""lbf""",
,,BeginData,,,
,,,_Load, _Time, SlackExt
,,,N," ""s"""," ""mm"""
,,,42.45,0.2,0.1
,,,80.19,0.3,0.183
,,,116.1,0.4,0.263
,,,150.52,0.5,0.346
,,,174.76,0.6,0.429
,,,198.18,0.7,0.513
,,,220.33,0.8,0.596
,,,244.31,0.9,0.68
,,,266,1,0.763
,,,295.71,1.1,0.846
,,,323.94,1.2,0.93
,,,353.81,1.3,1.013
,,,385.26,1.4,1.096
,,,415.18,1.5,1.18
,,,452.47,1.6,1.263
,,,483.97,1.7,1.346
,,,526.32,1.8,1.43
,,,570.3,1.9,1.513
,,,614.13,2,1.596
,,,659.85,2.1,1.68
,,,705.27,2.2,1.763
,,,746.08,2.3,1.846
,,,796,2.4,1.93
,,,843.97,2.5,2.013
,,,895.58,2.6,2.096
,,,946.16,2.7,2.18
,,,996.79,2.8,2.263
,,,1048.65,2.9,2.346
,,,1098.72,3,2.43
,,,1147.82,3.1,2.513
,,,1193.9,3.2,2.596
,,,1242.33,3.3,2.68
,,,1290.66,3.4,2.763
,,,1336.64,3.5,2.846
,,,1380.16,3.6,2.93
,,,1423.07,3.7,3.013
,,,1476.16,3.8,3.096
,,,1530.27,3.9,3.18
,,,1588.52,4,3.263
,,,1646.62,4.1,3.346
,,,1706.2,4.2,3.429
,,,1765.07,4.3,3.513
,,,1825.11,4.4,3.596
,,,1885.51,4.5,3.68
,,,1945.3,4.6,3.763
,,,2005.75,4.7,3.846
,,,2065.69,4.8,3.929
,,,2125.48,4.9,4.013
,,,2184.45,5,4.096
,,,2242.8,5.1,4.18
,,,2300.39,5.2,4.263
,,,2356.95,5.3,4.346
,,,2413.67,5.4,4.43
,,,2470.34,5.5,4.513
,,,2527.77,5.6,4.596
,,,2585.87,5.7,4.679
,,,2643.71,5.8,4.763
,,,2700.54,5.9,4.846
,,,2758.07,6,4.929
,,,2816.12,6.1,5.013
,,,2872.53,6.2,5.096
,,,2927.87,6.3,5.18
,,,2984.38,6.4,5.263
,,,3041.51,6.5,5.346
,,,3095.11,6.6,5.429
,,,3148.81,6.7,5.513
,,,3201.54,6.8,5.596
,,,3254.06,6.9,5.679
,,,3309.25,7,5.763
,,,3361.46,7.1,5.846
,,,3413.48,7.2,5.93
,,,3466.92,7.3,6.013
,,,3521.7,7.4,6.096
,,,3573.61,7.5,6.179
,,,3623.63,7.6,6.263
,,,3674.26,7.7,6.346
,,,3723.61,7.8,6.429
,,,3773.43,7.9,6.513
,,,3823.65,8,6.596
,,,3872.49,8.1,6.68
,,,3920.67,8.2,6.763
,,,3969.51,8.3,6.846
,,,4017.84,8.4,6.929
,,,4066.99,8.5,7.013
,,,4114.71,8.6,7.096
,,,4162.63,8.7,7.179
,,,4209.58,8.8,7.263
,,,4257.91,8.9,7.346
,,,4305.52,9,7.43
,,,4352.01,9.1,7.513
,,,4398.45,9.2,7.596
,,,4445.35,9.3,7.679
,,,4491.84,9.4,7.763
,,,4536.8,9.5,7.846
,,,4582.31,9.6,7.929
,,,4628.34,9.7,8.013
,,,4672.53,9.8,8.096
,,,4718.87,9.9,8.179
,,,4763.82,10,8.263
,,,4810.11,10.1,8.346
,,,4854.65,10.2,8.429
,,,4899.05,10.3,8.513
,,,4944.1,10.4,8.596
,,,4989.31,10.5,8.679
,,,5032.89,10.6,8.763
,,,5076.92,10.7,8.846
,,,5120.85,10.8,8.93
,,,5165.15,10.9,9.013
,,,5209.18,11,9.096
,,,5253.42,11.1,9.179
,,,5296.84,11.2,9.263
,,,5340.31,11.3,9.346
,,,5384.35,11.4,9.429
,,,5427.26,11.5,9.513
,,,5469.5,11.6,9.596
,,,5512.46,11.7,9.679
,,,5555.01,11.8,9.763
,,,5598.02,11.9,9.846
,,,5640.01,12,9.929
,,,5684.3,12.1,10.013
,,,5725.68,12.2,10.096
,,,5767.62,12.3,10.179
,,,5808.69,12.4,10.263
,,,5850.73,12.5,10.346
,,,5891.79,12.6,10.429
,,,5934.24,12.7,10.513
,,,5977,12.8,10.596
,,,6018.37,12.9,10.679
,,,6059.03,13,10.763
,,,6100.25,13.1,10.846
,,,6141.83,13.2,10.929
,,,6181.98,13.3,11.013
,,,6222.59,13.4,11.096
,,,6262.53,13.5,11.179
,,,6302.27,13.6,11.263
,,,6343.29,13.7,11.346
,,,6382,13.8,11.429
,,,6422.61,13.9,11.513
,,,6463.22,14,11.596
,,,6502.7,14.1,11.679
,,,6544.23,14.2,11.763
,,,6584.12,14.3,11.846
,,,6624.07,14.4,11.929
,,,6663.19,14.5,12.013
,,,6701.91,14.6,12.096
,,,6742.52,14.7,12.179
,,,6781.54,14.8,12.263
,,,6821.84,14.9,12.346
,,,6865.72,15,12.429
,,,6905.36,15.1,12.513
,,,6944.76,15.2,12.596
,,,6983.2,15.3,12.679
,,,7021.4,15.4,12.763
,,,7059.96,15.5,12.846
,,,7098.17,15.6,12.929
,,,7137.75,15.7,13.013
,,,7176.06,15.8,13.096
,,,7212.63,15.9,13.179
,,,7251.34,16,13.263
,,,7288.68,16.1,13.346
,,,7326.78,16.2,13.429
,,,7363.5,16.3,13.513
,,,7400.53,16.4,13.596
,,,7437.4,16.5,13.679
,,,7474.79,16.6,13.763
,,,7511.66,16.7,13.846
,,,7549.41,16.8,13.929
,,,7585.67,16.9,14.013
,,,7623.92,17,14.096
,,,7659.78,17.1,14.179
,,,7697.11,17.2,14.263
,,,7733.37,17.3,14.346
,,,7769.12,17.4,14.429
,,,7804.72,17.5,14.513
,,,7840.88,17.6,14.596
,,,7876.98,17.7,14.679
,,,7913.6,17.8,14.763
,,,7949.1,17.9,14.846
,,,7984.23,18,14.929
,,,8020.7,18.1,15.013
,,,8057.47,18.2,15.096
,,,8092.04,18.3,15.179
,,,8128.87,18.4,15.263
,,,8163.49,18.5,15.346
,,,8199.09,18.6,15.429
,,,8232.43,18.7,15.513
,,,8267.21,18.8,15.596
,,,8302.96,18.9,15.679
,,,8336.97,19,15.762
,,,8372.21,19.1,15.846
,,,8406.58,19.2,15.929
,,,8442.02,19.3,16.013
,,,8476.39,19.4,16.096
,,,8509.42,19.5,16.179
,,,8543.59,19.6,16.263
,,,8576.32,19.7,16.346
,,,8611.35,19.8,16.429
,,,8645.36,19.9,16.513
,,,8678.66,20,16.596
,,,8712.11,20.1,16.679
,,,8745.3,20.2,16.763
,,,8778.13,20.3,16.846
,,,8810.97,20.4,16.929
,,,8843.65,20.5,17.013
,,,8876.74,20.6,17.096
,,,8909.06,20.7,17.179
,,,8942.25,20.8,17.263
,,,8974.12,20.9,17.346
,,,9007.05,21,17.429
,,,9039.48,21.1,17.513
,,,9074.1,21.2,17.596
,,,9107.04,21.3,17.679
,,,9140.89,21.4,17.763
,,,9172.81,21.5,17.846
,,,9205.44,21.6,17.929
,,,9238.12,21.7,18.013
,,,9271.62,21.8,18.096
,,,9304.61,21.9,18.179
,,,9337.39,22,18.263
,,,9369.76,22.1,18.346
,,,9404.03,22.2,18.429
,,,9435.38,22.3,18.513
,,,9468.98,22.4,18.596
,,,9500.03,22.5,18.679
,,,9530.86,22.6,18.762
,,,9563.09,22.7,18.846
,,,9594.95,22.8,18.929
,,,9626.76,22.9,19.012
,,,9657.96,23,19.096
,,,9689.72,23.1,19.179
,,,9720.45,23.2,19.263
,,,9752.01,23.3,19.346
,,,9783.21,23.4,19.429
,,,9815.07,23.5,19.512
,,,9845.55,23.6,19.596
,,,9876.19,23.7,19.679
,,,9907.38,23.8,19.762
,,,9937.66,23.9,19.846
,,,9968.19,24,19.929
,,,9998.52,24.1,20.012
,,,10029.36,24.2,20.096
,,,10059.23,24.3,20.179
,,,10090.43,24.4,20.262
,,,10120.24,24.5,20.346
,,,10148.47,24.6,20.429
,,,10181.87,24.7,20.512
,,,10215.06,24.8,20.596
,,,10244.93,24.9,20.679
,,,10275.41,25,20.763
,,,10305.74,25.1,20.846
,,,10333.97,25.2,20.929
,,,10364.15,25.3,21.013
,,,10393.86,25.4,21.096
,,,10422.71,25.5,21.179
,,,10451.71,25.6,21.262
,,,10480.75,25.7,21.346
,,,10510.37,25.8,21.429
,,,10539.21,25.9,21.513
,,,10568.36,26,21.596
,,,10597.26,26.1,21.679
,,,10626.31,26.2,21.762
,,,10654.95,26.3,21.846
,,,10684.41,26.4,21.929
,,,10713.36,26.5,22.012
,,,10741.59,26.6,22.096
,,,10769,26.7,22.179
,,,10796.77,26.8,22.262
,,,10824.95,26.9,22.346
,,,10853.34,27,22.429
,,,10881.87,27.1,22.513
,,,10909.8,27.2,22.596
,,,10938.29,27.3,22.679
,,,10964.57,27.4,22.762
,,,10992.91,27.5,22.846
,,,11020.88,27.6,22.929
,,,11047.17,27.7,23.012
,,,11075.55,27.8,23.096
,,,11103.63,27.9,23.179
,,,11130.18,28,23.262
,,,11157.69,28.1,23.346
,,,11183.72,28.2,23.429
,,,11211.09,28.3,23.512
,,,11237.37,28.4,23.596
,,,11264.89,28.5,23.679
,,,11291.43,28.6,23.762
,,,11318.13,28.7,23.846
,,,11342.37,28.8,23.929
,,,11370.35,28.9,24.012
,,,11397.15,29,24.096
,,,11422.56,29.1,24.179
,,,11449.77,29.2,24.262
,,,11474.73,29.3,24.346
,,,11500.35,29.4,24.429
,,,11525.98,29.5,24.512
,,,11550.93,29.6,24.596
,,,11575.13,29.7,24.679
,,,11600.49,29.8,24.762
,,,11625.09,29.9,24.846
,,,11650.2,30,24.929
,,,11675.88,30.1,25.012
,,,11701.4,30.2,25.096
,,,11724.52,30.3,25.179
,,,11750.19,30.4,25.262
,,,11774.02,30.5,25.346
,,,11799.08,30.6,25.429
,,,11823.27,30.7,25.513
,,,11846.14,30.8,25.596
,,,11869.56,30.9,25.679
,,,11894.06,31,25.762
,,,11917.48,31.1,25.846
,,,11940.44,31.2,25.929
,,,11964.33,31.3,26.012
,,,11988.01,31.4,26.096
,,,12011.38,31.5,26.179
,,,12033.63,31.6,26.262
,,,12056.23,31.7,26.346
,,,12077.36,31.8,26.429
,,,12100.27,31.9,26.512
,,,12123.08,32,26.596
,,,12146.6,32.1,26.679
,,,12166.6,32.2,26.762
,,,12188.24,32.3,26.846
,,,12208.9,32.4,26.929
,,,12230.07,32.5,27.013
,,,12251.65,32.6,27.096
,,,12272.62,32.7,27.179
,,,12291.6,32.8,27.262
,,,12312,32.9,27.346
,,,12333.02,33,27.429
,,,12352.2,33.1,27.512
,,,12371.23,33.2,27.596
,,,12391.17,33.3,27.679
,,,12409.38,33.4,27.762
,,,12427.69,33.5,27.846
,,,12445.54,33.6,27.929
,,,12463.95,33.7,28.012
,,,12479.75,33.8,28.096
,,,12496.17,33.9,28.179
,,,12513.51,34,28.262
,,,12530.23,34.1,28.346
,,,12547.83,34.2,28.429
,,,12564.7,34.3,28.512
,,,12579.64,34.4,28.596
,,,12595.29,34.5,28.679
,,,12609.61,34.6,28.762
,,,12623.11,34.7,28.846
,,,12637.28,34.8,28.929
,,,12649.96,34.9,29.012
,,,12664.28,35,29.096
,,,12675.94,35.1,29.179
,,,12689.65,35.2,29.262
,,,12702.23,35.3,29.346
,,,12713.28,35.4,29.429
,,,12724.17,35.5,29.512
,,,12734.24,35.6,29.596
,,,12745.24,35.7,29.679
,,,12756.24,35.8,29.762
,,,12766.41,35.9,29.846
,,,12775.62,36,29.929
,,,12785.95,36.1,30.012
,,,12796.54,36.2,30.096
,,,12805.44,36.3,30.179
,,,12815.2,36.4,30.262
,,,12824.51,36.5,30.346
,,,12834.18,36.6,30.429
,,,12844.92,36.7,30.512
,,,12854.94,36.8,30.596
,,,12864.76,36.9,30.679
,,,12874.22,37,30.762
,,,12882.1,37.1,30.846
,,,12891.36,37.2,30.929
,,,12896.98,37.3,31.012
,,,12902.66,37.4,31.096
,,,12908.29,37.5,31.179
,,,12913.25,37.6,31.262
,,,12920.05,37.7,31.346
,,,12925.47,37.8,31.429
,,,12929.41,37.9,31.512
,,,12934.16,38,31.596
,,,12938.77,38.1,31.679
,,,12946.95,38.2,31.762
,,,12954.88,38.3,31.846
,,,12962.65,38.4,31.929
,,,12968.48,38.5,32.012
,,,12974.47,38.6,32.096
,,,12980.45,38.7,32.179
,,,12982.6,38.8,32.262
,,,12983.67,38.9,32.346
,,,12984.18,39,32.429
,,,12987,39.1,32.512
,,,12989.4,39.2,32.596
,,,12990.63,39.3,32.679
,,,12989.55,39.4,32.762
,,,12987.05,39.5,32.846
,,,12982.09,39.6,32.929
,,,12977.18,39.7,33.012
,,,12972.37,39.8,33.096
,,,12966.64,39.9,33.179
,,,12960.25,40,33.262
,,,12952.78,40.1,33.346
,,,12945.42,40.2,33.429
,,,12937.59,40.3,33.512
,,,12927.21,40.4,33.596
,,,12918.87,40.5,33.679
,,,12911.46,40.6,33.762
,,,12901.13,40.7,33.846
,,,12890.64,40.8,33.929
,,,12878.83,40.9,34.012
,,,12862.23,41,34.096
,,,12845.53,41.1,34.179
,,,12826.87,41.2,34.262
,,,12809.27,41.3,34.346
,,,12780.89,41.4,34.429
,,,12749.23,41.5,34.512
,,,12719.51,41.6,34.596
,,,12690.47,41.7,34.679
,,,12656.25,41.8,34.762
,,,12609.56,41.9,34.846
,,,12553.09,42,34.929
,,,12474.84,42.1,35.012
,,,12362.53,42.2,35.096
,,,12210.02,42.3,35.179
,,,12021.56,42.4,35.262
,,,11796.17,42.5,35.346
,,,11466.75,42.6,35.429
,,,10720.98,42.7,35.513
,,,1282.99,42.78,35.579
,,EndData,,,
,EndSpecimen,,,,
,BeginSpecimen,,,,
,,SpecimanName," ""P8""","  """"",
,,Comment," """"","  """"",
,,Break,438,"  """"",
,,Displacement_Peak_Load,33.615,"  ""mm""",
,,Displacement_Peak_Load2,1.323,"  ""in""",
,,LoadCellCapacity,200000,"  ""N""",
,,Peak,402,"  """"",
,,PeakLoad,13011,"  ""N""",
,,PeakLoad2,2925,"  ""lbf""",
,,BeginData,,,
,,,_Load, _Time, SlackExt
,,,N," ""s"""," ""mm"""
,,,42.81,0.2,0.112
,,,64.08,0.3,0.2
,,,83.93,0.4,0.283
,,,105.46,0.5,0.366
,,,112.41,0.6,0.449
,,,113.54,0.7,0.532
,,,128.63,0.8,0.616
,,,145.15,0.9,0.699
,,,156.09,1,0.782
,,,167.96,1.1,0.865
,,,182.79,1.2,0.949
,,,199.31,1.3,1.032
,,,218.23,1.4,1.115
,,,243.24,1.5,1.199
,,,276.12,1.6,1.282
,,,308.14,1.7,1.365
,,,340,1.8,1.449
,,,370.43,1.9,1.532
,,,401.37,2,1.616
,,,436.77,2.1,1.699
,,,467.66,2.2,1.782
,,,494.61,2.3,1.866
,,,529.08,2.4,1.949
,,,564.37,2.5,2.032
,,,602.73,2.6,2.115
,,,642.06,2.7,2.199
,,,685.84,2.8,2.282
,,,731.97,2.9,2.365
,,,778.71,3,2.449
,,,826.74,3.1,2.532
,,,876.29,3.2,2.615
,,,927.59,3.3,2.699
,,,978.53,3.4,2.782
,,,1030.65,3.5,2.865
,,,1081.02,3.6,2.949
,,,1131.5,3.7,3.032
,,,1183,3.8,3.115
,,,1238.85,3.9,3.199
,,,1294.85,4,3.282
,,,1352.54,4.1,3.366
,,,1409.88,4.2,3.449
,,,1467.51,4.3,3.532
,,,1525.36,4.4,3.615
,,,1585.2,4.5,3.699
,,,1649.89,4.6,3.782
,,,1716.23,4.7,3.865
,,,1782.66,4.8,3.949
,,,1848.43,4.9,4.032
,,,1912.21,5,4.115
,,,1975.42,5.1,4.199
,,,2034.7,5.2,4.282
,,,2093.41,5.3,4.365
,,,2150.74,5.4,4.449
,,,2212.11,5.5,4.532
,,,2273.33,5.6,4.615
,,,2334.09,5.7,4.699
,,,2393.93,5.8,4.782
,,,2453.26,5.9,4.866
,,,2513.2,6,4.949
,,,2573.14,6.1,5.032
,,,2630.83,6.2,5.115
,,,2688.06,6.3,5.199
,,,2745.29,6.4,5.282
,,,2802.62,6.5,5.365
,,,2859.29,6.6,5.449
,,,2915.7,6.7,5.532
,,,2970.83,6.8,5.615
,,,3025.4,6.9,5.699
,,,3081.2,7,5.782
,,,3134.23,7.1,5.865
,,,3187.88,7.2,5.949
,,,3241.43,7.3,6.032
,,,3293.8,7.4,6.115
,,,3346.89,7.5,6.199
,,,3398.24,7.6,6.282
,,,3449.38,7.7,6.366
,,,3504.97,7.8,6.449
,,,3556.47,7.9,6.532
,,,3605.06,8,6.615
,,,3655.69,8.1,6.699
,,,3704.02,8.2,6.782
,,,3753.48,8.3,6.865
,,,3801.35,8.4,6.949
,,,3849.89,8.5,7.032
,,,3898.01,8.6,7.115
,,,3946.14,8.7,7.199
,,,3994.26,8.8,7.282
,,,4042.34,8.9,7.365
,,,4090.06,9,7.449
,,,4136.75,9.1,7.532
,,,4183.65,9.2,7.615
,,,4230.29,9.3,7.699
,,,4274.99,9.4,7.782
,,,4320.66,9.5,7.866
,,,4366.74,9.6,7.949
,,,4412.57,9.7,8.032
,,,4457.52,9.8,8.115
,,,4504.17,9.9,8.199
,,,4549.53,10,8.282
,,,4595.51,10.1,8.365
,,,4640.77,10.2,8.449
,,,4684.8,10.3,8.532
,,,4729.45,10.4,8.615
,,,4773.54,10.5,8.699
,,,4818.9,10.6,8.782
,,,4862.84,10.7,8.865
,,,4906.77,10.8,8.949
,,,4950.55,10.9,9.032
,,,4994.17,11,9.115
,,,5039.64,11.1,9.199
,,,5083.98,11.2,9.282
,,,5127.25,11.3,9.365
,,,5170.46,11.4,9.449
,,,5212.76,11.5,9.532
,,,5255.98,11.6,9.615
,,,5299.6,11.7,9.699
,,,5342.36,11.8,9.782
,,,5386.09,11.9,9.865
,,,5428.07,12,9.949
,,,5471.5,12.1,10.032
,,,5515.07,12.2,10.115
,,,5558.13,12.3,10.199
,,,5601.55,12.4,10.282
,,,5643.59,12.5,10.365
,,,5685.84,12.6,10.449
,,,5729.98,12.7,10.532
,,,5771.5,12.8,10.615
,,,5814.62,12.9,10.699
,,,5857.02,13,10.782
,,,5899,13.1,10.865
,,,5941.86,13.2,10.949
,,,5982.57,13.3,11.032
,,,6023.13,13.4,11.115
,,,6064.4,13.5,11.199
,,,6105.98,13.6,11.282
,,,6147,13.7,11.365
,,,6188.78,13.8,11.449
,,,6229.75,13.9,11.532
,,,6271.53,14,11.615
,,,6311.43,14.1,11.699
,,,6353.21,14.2,11.782
,,,6393.67,14.3,11.865
,,,6433.86,14.4,11.949
,,,6473.6,14.5,12.032
,,,6513.6,14.6,12.115
,,,6553.9,14.7,12.199
,,,6593.48,14.8,12.282
,,,6633.12,14.9,12.365
,,,6672.5,15,12.448
,,,6711.83,15.1,12.532
,,,6751.26,15.2,12.615
,,,6790.44,15.3,12.698
,,,6833.91,15.4,12.782
,,,6874.82,15.5,12.865
,,,6913.74,15.6,12.949
,,,6952.51,15.7,13.032
,,,6991.48,15.8,13.115
,,,7030.71,15.9,13.199
,,,7068.4,16,13.282
,,,7107.99,16.1,13.365
,,,7146.7,16.2,13.449
,,,7186.29,16.3,13.532
,,,7223.88,16.4,13.615
,,,7261.57,16.5,13.699
,,,7299.62,16.6,13.782
,,,7338.59,16.7,13.865
,,,7378.28,16.8,13.949
,,,7415.21,16.9,14.032
,,,7453.21,17,14.115
,,,7492.08,17.1,14.198
,,,7528.59,17.2,14.282
,,,7566.49,17.3,14.365
,,,7602.24,17.4,14.448
,,,7639.68,17.5,14.532
,,,7677.47,17.6,14.615
,,,7714.14,17.7,14.699
,,,7751.43,17.8,14.782
,,,7788.15,17.9,14.865
,,,7824.41,18,14.948
,,,7861.9,18.1,15.032
,,,7897.8,18.2,15.115
,,,7934.26,18.3,15.199
,,,7969.6,18.4,15.282
,,,8006.79,18.5,15.365
,,,8041.72,18.6,15.448
,,,8076.14,18.7,15.532
,,,8112.5,18.8,15.615
,,,8148.15,18.9,15.699
,,,8183.18,19,15.782
,,,8219.13,19.1,15.865
,,,8254.17,19.2,15.948
,,,8289.25,19.3,16.032
,,,8325.72,19.4,16.115
,,,8358.91,19.5,16.198
,,,8393.07,19.6,16.282
,,,8428.57,19.7,16.365
,,,8461.4,19.8,16.448
,,,8496.33,19.9,16.532
,,,8530.65,20,16.615
,,,8563.28,20.1,16.699
,,,8597.49,20.2,16.782
,,,8630.79,20.3,16.865
,,,8665.46,20.4,16.948
,,,8697.74,20.5,17.032
,,,8730.37,20.6,17.115
,,,8764.43,20.7,17.198
,,,8796.7,20.8,17.282
,,,8829.43,20.9,17.365
,,,8862.47,21,17.448
,,,8895.15,21.1,17.532
,,,8927.93,21.2,17.615
,,,8957.85,21.3,17.698
,,,8990.99,21.4,17.782
,,,9022.8,21.5,17.865
,,,9054.36,21.6,17.948
,,,9085.81,21.7,18.032
,,,9116.96,21.8,18.115
,,,9148.77,21.9,18.199
,,,9179.76,22,18.282
,,,9210.65,22.1,18.365
,,,9241.95,22.2,18.448
,,,9272.03,22.3,18.532
,,,9303.53,22.4,18.615
,,,9334.58,22.5,18.698
,,,9364.39,22.6,18.782
,,,9394.16,22.7,18.865
,,,9425.05,22.8,18.948
,,,9455.22,22.9,19.032
,,,9485.65,23,19.115
,,,9515.37,23.1,19.198
,,,9545.08,23.2,19.282
,,,9574.9,23.3,19.365
,,,9605.59,23.4,19.448
,,,9634.84,23.5,19.532
,,,9664.2,23.6,19.615
,,,9692.99,23.7,19.698
,,,9723.16,23.8,19.782
,,,9753.65,23.9,19.865
,,,9782.75,24,19.948
,,,9812.61,24.1,20.032
,,,9841.61,24.2,20.115
,,,9870.82,24.3,20.198
,,,9900.17,24.4,20.282
,,,9929.68,24.5,20.365
,,,9959.19,24.6,20.448
,,,9988.24,24.7,20.532
,,,10018.16,24.8,20.615
,,,10046.14,24.9,20.698
,,,10076.31,25,20.782
,,,10105.05,25.1,20.865
,,,10133.49,25.2,20.948
,,,10162.54,25.3,21.032
,,,10195.68,25.4,21.115
,,,10225.24,25.5,21.198
,,,10253.78,25.6,21.282
,,,10281.14,25.7,21.365
,,,10310.24,25.8,21.448
,,,10337.81,25.9,21.532
,,,10367.22,26,21.615
,,,10395.19,26.1,21.698
,,,10422.14,26.2,21.782
,,,10449.2,26.3,21.865
,,,10475.23,26.4,21.948
,,,10504.54,26.5,22.032
,,,10530.01,26.6,22.115
,,,10557.01,26.7,22.198
,,,10584.58,26.8,22.282
,,,10611.22,26.9,22.365
,,,10638.38,27,22.448
,,,10663.85,27.1,22.532
,,,10689.11,27.2,22.615
,,,10715.91,27.3,22.698
,,,10743.07,27.4,22.782
,,,10769.87,27.5,22.865
,,,10796.87,27.6,22.948
,,,10822.45,27.7,23.032
,,,10848.38,27.8,23.115
,,,10875.69,27.9,23.198
,,,10900.75,28,23.282
,,,10928.31,28.1,23.365
,,,10954.96,28.2,23.448
,,,10981.25,28.3,23.532
,,,11006.97,28.4,23.615
,,,11032.24,28.5,23.698
,,,11057.65,28.6,23.782
,,,11084.1,28.7,23.865
,,,11109.46,28.8,23.948
,,,11134.98,28.9,24.032
,,,11160.2,29,24.115
,,,11186.03,29.1,24.198
,,,11210.68,29.2,24.282
,,,11235.69,29.3,24.365
,,,11260.03,29.4,24.448
,,,11285.29,29.5,24.532
,,,11309.33,29.6,24.615
,,,11333.83,29.7,24.698
,,,11357.61,29.8,24.782
,,,11380.58,29.9,24.865
,,,11405.84,30,24.948
,,,11429.26,30.1,25.032
,,,11453.71,30.2,25.115
,,,11477.08,30.3,25.198
,,,11499.59,30.4,25.282
,,,11523.21,30.5,25.365
,,,11546.54,30.6,25.448
,,,11568.22,30.7,25.532
,,,11590.16,30.8,25.615
,,,11613.02,30.9,25.698
,,,11634.86,31,25.782
,,,11657.06,31.1,25.865
,,,11680.07,31.2,25.948
,,,11700.73,31.3,26.032
,,,11724.52,31.4,26.115
,,,11745.33,31.5,26.198
,,,11766.45,31.6,26.282
,,,11788.09,31.7,26.365
,,,11809.11,31.8,26.448
,,,11829.16,31.9,26.532
,,,11849.36,32,26.615
,,,11869.76,32.1,26.698
,,,11891.04,32.2,26.782
,,,11911.19,32.3,26.865
,,,11932.21,32.4,26.948
,,,11951.24,32.5,27.032
,,,11971.49,32.6,27.115
,,,11992.46,32.7,27.198
,,,12011.64,32.8,27.282
,,,12031.63,32.9,27.365
,,,12052.04,33,27.448
,,,12071.53,33.1,27.532
,,,12091.06,33.2,27.615
,,,12110.39,33.3,27.698
,,,12126.66,33.4,27.782
,,,12144.2,33.5,27.865
,,,12161.54,33.6,27.948
,,,12179.13,33.7,28.032
,,,12196.21,33.8,28.115
,,,12213.96,33.9,28.198
,,,12230.84,34,28.282
,,,12247.25,34.1,28.365
,,,12262.29,34.2,28.448
,,,12278.55,34.3,28.532
,,,12293.28,34.4,28.615
,,,12309.8,34.5,28.698
,,,12326.22,34.6,28.782
,,,12342.33,34.7,28.865
,,,12358.75,34.8,28.948
,,,12374.09,34.9,29.032
,,,12390.76,35,29.115
,,,12407.49,35.1,29.198
,,,12424.62,35.2,29.282
,,,12441.91,35.3,29.365
,,,12459.6,35.4,29.448
,,,12476.89,35.5,29.532
,,,12492.69,35.6,29.615
,,,12509.16,35.7,29.698
,,,12525.89,35.8,29.781
,,,12541.38,35.9,29.865
,,,12557.13,36,29.948
,,,12573.65,36.1,30.032
,,,12589.15,36.2,30.115
,,,12605.82,36.3,30.198
,,,12620.96,36.4,30.282
,,,12635.79,36.5,30.365
,,,12649.96,36.6,30.448
,,,12665.2,36.7,30.532
,,,12680.08,36.8,30.615
,,,12694.15,36.9,30.698
,,,12707.85,37,30.781
,,,12723.3,37.1,30.865
,,,12737.16,37.2,30.948
,,,12751.07,37.3,31.032
,,,12764.27,37.4,31.115
,,,12777.41,37.5,31.198
,,,12790.96,37.6,31.282
,,,12803.59,37.7,31.365
,,,12816.64,37.8,31.448
,,,12829.42,37.9,31.532
,,,12841.85,38,31.615
,,,12854.74,38.1,31.698
,,,12866.4,38.2,31.782
,,,12877.75,38.3,31.865
,,,12889.26,38.4,31.948
,,,12899.13,38.5,32.031
,,,12909,38.6,32.115
,,,12918.72,38.7,32.198
,,,12928.13,38.8,32.282
,,,12937.39,38.9,32.365
,,,12947.26,39,32.448
,,,12954.78,39.1,32.532
,,,12963.57,39.2,32.615
,,,12971.4,39.3,32.698
,,,12977.84,39.4,32.782
,,,12983.67,39.5,32.865
,,,12989.3,39.6,32.948
,,,12993.64,39.7,33.032
,,,12997.68,39.8,33.115
,,,13001.78,39.9,33.198
,,,13005.05,40,33.282
,,,13007.15,40.1,33.365
,,,13008.63,40.2,33.448
,,,13010.16,40.3,33.532
,,,13010.57,40.4,33.615
,,,13008.32,40.5,33.698
,,,13004.79,40.6,33.782
,,,13001.06,40.7,33.865
,,,12994.31,40.8,33.948
,,,12986.79,40.9,34.032
,,,12980.24,41,34.115
,,,12975.08,41.1,34.198
,,,12967.87,41.2,34.281
,,,12958.05,41.3,34.365
,,,12950.48,41.4,34.448
,,,12944.29,41.5,34.531
,,,12936.26,41.6,34.615
,,,12925.73,41.7,34.698
,,,12912.63,41.8,34.782
,,,12897.24,41.9,34.865
,,,12879.77,42,34.948
,,,12858.22,42.1,35.032
,,,12836.89,42.2,35.115
,,,12816.64,42.3,35.198
,,,12797.82,42.4,35.281
,,,12772.4,42.5,35.365
,,,12741.51,42.6,35.448
,,,12713.74,42.7,35.532
,,,12688.32,42.8,35.615
,,,12659.78,42.9,35.698
,,,12633.44,43,35.782
,,,12604.29,43.1,35.865
,,,12576.98,43.2,35.948
,,,12548.7,43.3,36.032
,,,12512.33,43.4,36.115
,,,12465.54,43.5,36.198
,,,12409.02,43.6,36.282
,,,12325.1,43.7,36.365
,,,12227.16,43.8,36.448
,,,12085.39,43.9,36.532
,,,11899.58,44,36.615
,,,11600.24,44.1,36.698
,,,11273.74,44.2,36.781
,,,10836.51,44.3,36.865
,,,10349.06,44.4,36.948
,,,6231.39,44.5,37.032
,,,1042.87,44.54,37.065
,,EndData,,,
,EndSpecimen,,,,
,BeginSpecimen,,,,
,,SpecimanName," ""P9""","  """"",
,,Comment," """"","  """"",
,,Break,419,"  """"",
,,Displacement_Peak_Load,34.346,"  ""mm""",
,,Displacement_Peak_Load2,1.352,"  ""in""",
,,LoadCellCapacity,200000,"  ""N""",
,,Peak,411,"  """"",
,,PeakLoad,13696,"  ""N""",
,,PeakLoad2,3079,"  ""lbf""",
,,BeginData,,,
,,,_Load, _Time, SlackExt
,,,N," ""s"""," ""mm"""
,,,42.5,0.2,0.1
,,,86.69,0.3,0.183
,,,134.46,0.4,0.263
,,,177.01,0.5,0.346
,,,209.13,0.6,0.43
,,,239.56,0.7,0.513
,,,267.43,0.8,0.597
,,,300.11,0.9,0.68
,,,338.37,1,0.763
,,,373.14,1.1,0.847
,,,407,1.2,0.93
,,,434.87,1.3,1.013
,,,469.81,1.4,1.097
,,,508.62,1.5,1.18
,,,544.78,1.6,1.263
,,,582.53,1.7,1.346
,,,618.48,1.8,1.43
,,,653.41,1.9,1.513
,,,689.67,2,1.596
,,,728.03,2.1,1.68
,,,768.07,2.2,1.763
,,,814.1,2.3,1.846
,,,862.89,2.4,1.93
,,,914.75,2.5,2.013
,,,968.4,2.6,2.096
,,,1021.95,2.7,2.18
,,,1075.65,2.8,2.263
,,,1129.92,2.9,2.346
,,,1185.51,3,2.43
,,,1241.72,3.1,2.513
,,,1299.46,3.2,2.596
,,,1358.37,3.3,2.68
,,,1418.31,3.4,2.763
,,,1478.2,3.5,2.846
,,,1538.55,3.6,2.93
,,,1600.85,3.7,3.013
,,,1664.26,3.8,3.096
,,,1727.37,3.9,3.18
,,,1791.25,4,3.263
,,,1854.36,4.1,3.346
,,,1916.5,4.2,3.43
,,,1977.26,4.3,3.513
,,,2037.2,4.4,3.596
,,,2097.4,4.5,3.68
,,,2154.78,4.6,3.763
,,,2213.09,4.7,3.846
,,,2272.46,4.8,3.93
,,,2331.07,4.9,4.013
,,,2390.4,5,4.097
,,,2448.81,5.1,4.18
,,,2507.67,5.2,4.263
,,,2566.28,5.3,4.346
,,,2623.05,5.4,4.43
,,,2683.91,5.5,4.513
,,,2746.21,5.6,4.596
,,,2806.45,5.7,4.68
,,,2867.62,5.8,4.763
,,,2927.1,5.9,4.846
,,,2986.43,6,4.93
,,,3046.06,6.1,5.013
,,,3102.52,6.2,5.096
,,,3160.37,6.3,5.18
,,,3218.11,6.4,5.263
,,,3274.01,6.5,5.346
,,,3330.52,6.6,5.43
,,,3384.68,6.7,5.513
,,,3437.51,6.8,5.596
,,,3495.51,6.9,5.68
,,,3549.11,7,5.763
,,,3601.84,7.1,5.846
,,,3652.62,7.2,5.93
,,,3703.56,7.3,6.013
,,,3755.07,7.4,6.096
,,,3805.7,7.5,6.18
,,,3857.56,7.6,6.263
,,,3907.52,7.7,6.346
,,,3956.52,7.8,6.43
,,,4005.46,7.9,6.513
,,,4053.18,8,6.596
,,,4102.89,8.1,6.68
,,,4150.05,8.2,6.763
,,,4196.59,8.3,6.846
,,,4243.38,8.4,6.93
,,,4289.41,8.5,7.013
,,,4335.14,8.6,7.096
,,,4380.96,8.7,7.18
,,,4425.92,8.8,7.263
,,,4470.82,8.9,7.346
,,,4515.21,9,7.43
,,,4561.6,9.1,7.513
,,,4606.81,9.2,7.596
,,,4651.71,9.3,7.68
,,,4696.11,9.4,7.763
,,,4742.65,9.5,7.846
,,,4787.3,9.6,7.93
,,,4832.97,9.7,8.013
,,,4877.31,9.8,8.096
,,,4921.5,9.9,8.18
,,,4965.84,10,8.263
,,,5011.1,10.1,8.346
,,,5054.68,10.2,8.43
,,,5097.99,10.3,8.513
,,,5142.23,10.4,8.596
,,,5186.11,10.5,8.68
,,,5228.92,10.6,8.763
,,,5274.18,10.7,8.846
,,,5317.81,10.8,8.93
,,,5360.72,10.9,9.013
,,,5403.78,11,9.096
,,,5446.84,11.1,9.18
,,,5490.21,11.2,9.263
,,,5531.9,11.3,9.346
,,,5575.06,11.4,9.43
,,,5617.56,11.5,9.513
,,,5660.98,11.6,9.596
,,,5704.66,11.7,9.68
,,,5746.9,11.8,9.763
,,,5789.3,11.9,9.846
,,,5832.06,12,9.93
,,,5874,12.1,10.013
,,,5917.93,12.2,10.096
,,,5960.02,12.3,10.18
,,,6001.91,12.4,10.263
,,,6044.15,12.5,10.346
,,,6085.68,12.6,10.43
,,,6128.79,12.7,10.513
,,,6170.94,12.8,10.596
,,,6211.7,12.9,10.68
,,,6254.4,13,10.763
,,,6294.96,13.1,10.846
,,,6337,13.2,10.93
,,,6377.56,13.3,11.013
,,,6418.42,13.4,11.096
,,,6460.61,13.5,11.18
,,,6502.29,13.6,11.263
,,,6543.82,13.7,11.346
,,,6585.2,13.8,11.43
,,,6626.16,13.9,11.513
,,,6666.11,14,11.596
,,,6706.2,14.1,11.679
,,,6745.94,14.2,11.763
,,,6786.65,14.3,11.846
,,,6829.36,14.4,11.93
,,,6872.11,14.5,12.013
,,,6910.73,14.6,12.096
,,,6950.72,14.7,12.179
,,,6991.89,14.8,12.263
,,,7033.88,14.9,12.346
,,,7072.9,15,12.429
,,,7113.05,15.1,12.513
,,,7152.94,15.2,12.596
,,,7193.04,15.3,12.68
,,,7232.52,15.4,12.763
,,,7271.6,15.5,12.846
,,,7311.54,15.6,12.93
,,,7350.51,15.7,13.013
,,,7390.56,15.8,13.096
,,,7430.55,15.9,13.179
,,,7468.24,16,13.263
,,,7507.16,16.1,13.346
,,,7546.19,16.2,13.429
,,,7585.98,16.3,13.513
,,,7624.08,16.4,13.596
,,,7661.31,16.5,13.68
,,,7700.64,16.6,13.763
,,,7738.84,16.7,13.846
,,,7777.05,16.8,13.93
,,,7815.56,16.9,14.013
,,,7852.28,17,14.096
,,,7890.49,17.1,14.179
,,,7927.79,17.2,14.263
,,,7965.82,17.3,14.346
,,,8002.9,17.4,14.43
,,,8040.9,17.5,14.513
,,,8077.67,17.6,14.596
,,,8114.24,17.7,14.679
,,,8152.44,17.8,14.763
,,,8189.57,17.9,14.846
,,,8225.48,18,14.93
,,,8262.91,18.1,15.013
,,,8298.61,18.2,15.096
,,,8334.77,18.3,15.18
,,,8370.67,18.4,15.263
,,,8406.22,18.5,15.346
,,,8442.38,18.6,15.429
,,,8478.59,18.7,15.513
,,,8513.98,18.8,15.596
,,,8549.57,18.9,15.679
,,,8587.32,19,15.763
,,,8621.58,19.1,15.846
,,,8656.36,19.2,15.93
,,,8691.6,19.3,16.013
,,,8727.25,19.4,16.096
,,,8761.05,19.5,16.179
,,,8795.73,19.6,16.263
,,,8831.12,19.7,16.346
,,,8865.84,19.8,16.429
,,,8900.47,19.9,16.513
,,,8935.14,20,16.596
,,,8969.41,20.1,16.679
,,,9003.83,20.2,16.763
,,,9037.84,20.3,16.846
,,,9072.52,20.4,16.929
,,,9106.53,20.5,17.013
,,,9139,20.6,17.096
,,,9173.01,20.7,17.179
,,,9206.67,20.8,17.263
,,,9240.01,20.9,17.346
,,,9274.74,21,17.43
,,,9306.96,21.1,17.513
,,,9340.05,21.2,17.596
,,,9373.65,21.3,17.679
,,,9406.89,21.4,17.763
,,,9440.03,21.5,17.846
,,,9472.92,21.6,17.929
,,,9505.86,21.7,18.013
,,,9538.38,21.8,18.096
,,,9571.01,21.9,18.179
,,,9603.8,22,18.263
,,,9636.63,22.1,18.346
,,,9668.95,22.2,18.429
,,,9699.89,22.3,18.513
,,,9731.91,22.4,18.596
,,,9764.34,22.5,18.679
,,,9795.79,22.6,18.763
,,,9827.8,22.7,18.846
,,,9860.08,22.8,18.93
,,,9893.37,22.9,19.013
,,,9925.28,23,19.096
,,,9957.2,23.1,19.179
,,,9988.24,23.2,19.263
,,,10018.52,23.3,19.346
,,,10050.59,23.4,19.429
,,,10081.12,23.5,19.513
,,,10112.06,23.6,19.596
,,,10142.49,23.7,19.679
,,,10176.04,23.8,19.763
,,,10211.54,23.9,19.846
,,,10243.04,24,19.929
,,,10273.62,24.1,20.013
,,,10304.62,24.2,20.096
,,,10335.51,24.3,20.179
,,,10365.89,24.4,20.263
,,,10395.96,24.5,20.346
,,,10426.85,24.6,20.429
,,,10457.28,24.7,20.513
,,,10487.35,24.8,20.596
,,,10516.76,24.9,20.679
,,,10547.75,25,20.763
,,,10577.72,25.1,20.846
,,,10607.95,25.2,20.929
,,,10637.36,25.3,21.013
,,,10667.38,25.4,21.096
,,,10698.01,25.5,21.179
,,,10728.7,25.6,21.263
,,,10758.72,25.7,21.346
,,,10788.54,25.8,21.429
,,,10819.33,25.9,21.513
,,,10850.42,26,21.596
,,,10880.54,26.1,21.679
,,,10909.29,26.2,21.763
,,,10937.52,26.3,21.846
,,,10967.44,26.4,21.929
,,,10997.15,26.5,22.013
,,,11027.12,26.6,22.096
,,,11056.22,26.7,22.179
,,,11085.63,26.8,22.263
,,,11114.88,26.9,22.346
,,,11144.04,27,22.429
,,,11174.62,27.1,22.513
,,,11203.72,27.2,22.596
,,,11231.9,27.3,22.679
,,,11260.29,27.4,22.763
,,,11288.41,27.5,22.846
,,,11316.29,27.6,22.929
,,,11344.67,27.7,23.013
,,,11373.42,27.8,23.096
,,,11402.31,27.9,23.179
,,,11431.21,28,23.263
,,,11459.18,28.1,23.346
,,,11488.23,28.2,23.429
,,,11516.46,28.3,23.513
,,,11543.88,28.4,23.596
,,,11572.01,28.5,23.679
,,,11599.01,28.6,23.763
,,,11627.14,28.7,23.846
,,,11655.37,28.8,23.929
,,,11683.04,28.9,24.013
,,,11709.84,29,24.096
,,,11738.02,29.1,24.179
,,,11765.33,29.2,24.263
,,,11793.66,29.3,24.346
,,,11819.03,29.4,24.429
,,,11846.6,29.5,24.513
,,,11874.16,29.6,24.596
,,,11900.86,29.7,24.679
,,,11927.04,29.8,24.763
,,,11953.79,29.9,24.846
,,,11982.18,30,24.929
,,,12008.41,30.1,25.013
,,,12033.93,30.2,25.096
,,,12060.63,30.3,25.179
,,,12086.25,30.4,25.263
,,,12111.26,30.5,25.346
,,,12137.55,30.6,25.429
,,,12164.71,30.7,25.513
,,,12189.82,30.8,25.596
,,,12215.7,30.9,25.679
,,,12242.19,31,25.763
,,,12267.87,31.1,25.846
,,,12292.62,31.2,25.929
,,,12317.78,31.3,26.013
,,,12342.33,31.4,26.096
,,,12365.86,31.5,26.179
,,,12391.74,31.6,26.263
,,,12416.49,31.7,26.346
,,,12440.17,31.8,26.429
,,,12464.62,31.9,26.513
,,,12487.63,32,26.596
,,,12513.46,32.1,26.679
,,,12538.77,32.2,26.763
,,,12561.38,32.3,26.846
,,,12585.11,32.4,26.929
,,,12607.71,32.5,27.013
,,,12630.22,32.6,27.096
,,,12654.77,32.7,27.179
,,,12676.76,32.8,27.263
,,,12699.31,32.9,27.346
,,,12722.07,33,27.429
,,,12744.73,33.1,27.512
,,,12767.39,33.2,27.596
,,,12789.07,33.3,27.679
,,,12809.83,33.4,27.763
,,,12831.72,33.5,27.846
,,,12852.08,33.6,27.929
,,,12874.74,33.7,28.013
,,,12895.3,33.8,28.096
,,,12916.01,33.9,28.179
,,,12936.82,34,28.262
,,,12956.46,34.1,28.346
,,,12975.74,34.2,28.429
,,,12995.28,34.3,28.513
,,,13015.53,34.4,28.596
,,,13033.64,34.5,28.679
,,,13052.1,34.6,28.763
,,,13071.28,34.7,28.846
,,,13090,34.8,28.929
,,,13108,34.9,29.012
,,,13126.31,35,29.096
,,,13144.01,35.1,29.179
,,,13162.47,35.2,29.263
,,,13179.7,35.3,29.346
,,,13195.82,35.4,29.429
,,,13210.54,35.5,29.512
,,,13226.5,35.6,29.596
,,,13241.64,35.7,29.679
,,,13259.08,35.8,29.763
,,,13272.94,35.9,29.846
,,,13288.44,36,29.929
,,,13302.3,36.1,30.013
,,,13316.16,36.2,30.096
,,,13330.07,36.3,30.179
,,,13341.37,36.4,30.263
,,,13353.49,36.5,30.346
,,,13364.18,36.6,30.429
,,,13375.18,36.7,30.512
,,,13386.02,36.8,30.596
,,,13394.66,36.9,30.679
,,,13401.92,37,30.763
,,,13408.93,37.1,30.846
,,,13416.55,37.2,30.929
,,,13425.14,37.3,31.013
,,,13431.08,37.4,31.096
,,,13438.59,37.5,31.179
,,,13447.65,37.6,31.263
,,,13454.91,37.7,31.346
,,,13462.94,37.8,31.429
,,,13470.66,37.9,31.512
,,,13478.08,38,31.596
,,,13486,38.1,31.679
,,,13492.29,38.2,31.763
,,,13500.53,38.3,31.846
,,,13507.64,38.4,31.929
,,,13513.57,38.5,32.012
,,,13520.88,38.6,32.096
,,,13527.69,38.7,32.179
,,,13538.37,38.8,32.263
,,,13545.94,38.9,32.346
,,,13552.13,39,32.429
,,,13558.32,39.1,32.513
,,,13564.2,39.2,32.596
,,,13570.75,39.3,32.679
,,,13578.27,39.4,32.763
,,,13583.64,39.5,32.846
,,,13589.93,39.6,32.929
,,,13595.76,39.7,33.012
,,,13604.4,39.8,33.096
,,,13611.1,39.9,33.179
,,,13618.87,40,33.263
,,,13628.44,40.1,33.346
,,,13636.88,40.2,33.429
,,,13644.09,40.3,33.512
,,,13651.3,40.4,33.596
,,,13656.98,40.5,33.679
,,,13663.11,40.6,33.762
,,,13668.69,40.7,33.846
,,,13675.34,40.8,33.929
,,,13679.58,40.9,34.013
,,,13684.49,41,34.096
,,,13689.25,41.1,34.179
,,,13694.47,41.2,34.263
,,,13696.46,41.3,34.346
,,,13695.74,41.4,34.429
,,,13696.05,41.5,34.512
,,,13693.9,41.6,34.596
,,,13688.99,41.7,34.679
,,,13682.29,41.8,34.763
,,,13675.85,41.9,34.846
,,,13662.55,42,34.929
,,,13639.03,42.1,35.012
,,,13605.42,42.2,35.096
,,,13550.65,42.3,35.179
,,,13466.93,42.4,35.263
,,,13312.78,42.5,35.346
,,,12977.59,42.6,35.429
,,,878.14,42.7,35.513
,,EndData,,,
,EndSpecimen,,,,
EndSample,,,,,
